"Week","None","D0","D1","D2","D3","D4","DSCI"
"2023-02-07","31.39","20.57","27.67","19.15","1.22","0.00","138"
"2023-01-31","31.49","20.34","20.75","22.15","5.27","0.00","149"
"2023-01-24","29.19","22.64","20.75","22.15","5.27","0.00","152"
"2023-01-17","27.23","23.84","18.46","24.32","6.15","0.00","158"
"2023-01-10","19.66","27.14","20.24","25.01","7.95","0.00","174"
"2023-01-03","13.39","29.82","20.29","28.19","7.79","0.53","189"
"2022-12-27","5.95","34.48","22.27","28.01","8.76","0.53","201"
"2022-12-20","5.83","34.60","22.27","28.01","8.76","0.53","201"
"2022-12-13","5.87","34.56","22.27","28.01","8.76","0.53","201"
"2022-12-06","4.81","33.60","22.92","27.31","10.83","0.53","207"
"2022-11-29","1.20","34.43","25.34","23.67","14.83","0.53","218"
"2022-11-22","1.19","34.47","24.41","24.22","15.18","0.53","219"
"2022-11-15","1.19","34.47","24.41","24.22","15.18","0.53","219"
"2022-11-08","1.19","34.47","23.57","24.17","16.07","0.53","221"
"2022-11-01","1.19","34.78","22.22","25.20","16.07","0.53","222"
"2022-10-25","1.00","32.02","24.91","25.46","16.07","0.53","225"
"2022-10-18","1.54","31.53","25.56","24.77","15.73","0.87","224"
"2022-10-11","1.54","27.86","26.01","27.99","15.73","0.87","231"
"2022-10-04","1.54","27.07","26.69","26.46","17.24","1.01","234"
"2022-09-27","0.50","26.45","27.83","26.97","17.24","1.01","237"
"2022-09-20","0.50","22.35","28.19","30.60","17.35","1.01","245"
"2022-09-13","0.50","20.54","30.01","30.60","17.35","1.01","247"
"2022-09-06","0.50","20.17","29.38","29.33","19.62","1.01","250"
"2022-08-30","0.51","20.46","29.07","26.64","22.30","1.01","253"
"2022-08-23","0.41","15.47","30.04","30.18","22.89","1.01","263"
"2022-08-16","0.37","9.94","33.17","31.41","23.98","1.13","272"
"2022-08-09","0.36","6.18","27.15","32.34","31.72","2.24","296"
"2022-08-02","0.21","5.57","25.58","31.03","31.96","5.65","306"
"2022-07-26","0.21","3.54","25.94","31.57","32.36","6.39","312"
"2022-07-19","0.21","1.52","24.45","31.70","35.38","6.73","321"
"2022-07-12","0.05","1.65","24.51","32.12","34.95","6.73","320"
"2022-07-05","0.05","1.65","19.64","36.40","35.96","6.29","325"
"2022-06-28","0.01","1.66","18.19","37.77","36.08","6.29","327"
"2022-06-21","0.01","1.64","15.29","34.52","41.56","6.97","337"
"2022-06-14","0.01","1.64","15.29","33.74","42.89","6.42","337"
"2022-06-07","0.01","1.64","15.89","34.33","41.70","6.42","335"
"2022-05-31","0.01","1.59","16.02","37.38","40.16","4.84","331"
"2022-05-24","0.00","1.08","16.05","37.74","40.29","4.84","332"
"2022-05-17","0.00","1.08","20.66","43.03","30.79","4.44","317"
"2022-05-10","0.00","1.75","22.93","43.79","31.14","0.39","305"
"2022-05-03","0.00","1.75","24.48","47.19","26.19","0.39","299"
"2022-04-26","0.00","2.57","23.66","50.73","22.72","0.32","295"
"2022-04-19","0.00","7.06","19.99","49.96","22.67","0.32","289"
"2022-04-12","0.00","7.06","19.99","51.92","20.72","0.32","287"
"2022-04-05","0.00","7.06","19.99","52.37","20.26","0.32","287"
"2022-03-29","0.00","11.18","27.33","42.23","18.95","0.32","270"
"2022-03-22","0.00","11.19","27.66","42.79","18.04","0.32","269"
"2022-03-15","0.00","11.15","27.70","42.79","18.04","0.32","269"
"2022-03-08","0.00","11.15","27.96","42.52","18.04","0.32","268"
"2022-03-01","0.00","11.15","27.96","41.52","19.05","0.32","269"
"2022-02-22","0.00","18.37","22.61","43.39","15.30","0.32","257"
"2022-02-15","0.00","18.37","22.90","43.11","15.30","0.32","256"
"2022-02-08","0.00","19.35","23.32","41.72","15.30","0.32","254"
"2022-02-01","0.00","19.35","23.37","42.17","14.80","0.32","253"
"2022-01-25","0.00","19.35","23.37","42.17","14.80","0.32","253"
"2022-01-18","0.00","19.35","23.37","42.17","14.80","0.32","253"
"2022-01-11","0.00","19.35","23.37","42.17","14.80","0.32","253"
"2022-01-04","0.00","18.02","23.68","42.23","15.76","0.32","257"
"2021-12-28","0.00","14.55","26.99","31.78","26.36","0.32","271"
"2021-12-21","0.00","8.59","23.99","33.30","32.92","1.20","294"
"2021-12-14","0.00","8.64","24.29","33.40","32.26","1.40","293"
"2021-12-07","0.00","8.65","23.33","34.35","29.55","4.12","297"
"2021-11-30","0.00","8.65","24.01","33.68","29.55","4.12","297"
"2021-11-23","0.00","9.63","23.24","33.47","29.55","4.12","295"
"2021-11-16","0.00","9.63","23.24","33.47","29.55","4.12","295"
"2021-11-09","0.00","9.63","22.89","32.94","30.42","4.12","297"
"2021-11-02","0.00","9.63","22.53","33.08","29.42","5.34","298"
"2021-10-26","0.00","9.45","22.53","30.57","31.45","6.00","302"
"2021-10-19","0.00","9.43","21.48","29.68","33.41","6.00","305"
"2021-10-12","0.00","9.43","20.78","29.94","32.90","6.95","307"
"2021-10-05","0.00","8.46","19.62","27.41","37.04","7.47","315"
"2021-09-28","0.00","8.87","19.22","25.73","37.85","8.34","318"
"2021-09-21","0.00","6.47","21.61","25.73","37.65","8.54","320"
"2021-09-14","0.35","6.12","21.61","25.31","38.00","8.61","320"
"2021-09-07","0.35","6.12","21.61","25.31","38.00","8.61","320"
"2021-08-31","0.35","2.62","19.50","29.65","37.09","10.80","333"
"2021-08-24","0.37","2.60","19.29","28.81","32.62","16.31","340"
"2021-08-17","0.37","2.44","17.76","17.72","40.00","21.72","360"
"2021-08-10","0.37","1.56","8.22","26.59","40.46","22.81","374"
"2021-08-03","0.29","1.54","8.12","24.50","42.49","23.06","377"
"2021-07-27","0.03","0.76","3.60","21.11","46.72","27.78","397"
"2021-07-20","0.02","0.52","2.78","8.63","38.66","49.40","434"
"2021-07-13","0.02","0.52","3.02","9.85","29.95","56.65","439"
"2021-07-06","0.02","0.51","3.00","11.31","28.82","56.34","437"
"2021-06-29","0.02","0.50","3.01","11.80","28.33","56.34","437"
"2021-06-22","0.02","0.50","4.69","13.17","25.20","56.42","432"
"2021-06-15","0.02","0.51","7.35","11.20","24.93","56.00","429"
"2021-06-08","0.02","0.51","7.65","11.14","24.69","56.00","428"
"2021-06-01","0.00","0.46","7.73","11.14","25.57","55.11","427"
"2021-05-25","0.00","0.43","7.84","11.05","25.57","55.11","427"
"2021-05-18","0.00","0.43","7.13","11.77","26.49","54.18","427"
"2021-05-11","0.00","0.43","7.29","11.47","26.40","54.40","427"
"2021-05-04","0.00","0.37","7.51","11.27","26.89","53.96","427"
"2021-04-27","0.00","0.37","7.38","11.14","27.05","54.06","427"
"2021-04-20","0.00","0.37","7.95","10.58","27.74","53.36","426"
"2021-04-13","0.00","1.22","7.42","10.25","27.75","53.36","425"
"2021-04-06","0.00","3.16","6.12","9.61","28.87","52.25","421"
"2021-03-30","0.00","3.25","6.03","9.61","28.87","52.25","421"
"2021-03-23","0.00","3.25","6.03","9.61","28.71","52.40","421"
"2021-03-16","0.00","3.25","5.78","10.56","28.89","51.52","420"
"2021-03-09","0.00","0.50","8.01","10.90","28.93","51.66","423"
"2021-03-02","0.00","0.50","8.01","10.90","28.93","51.66","423"
"2021-02-23","0.00","0.50","7.37","11.76","28.70","51.66","424"
"2021-02-16","0.00","0.50","6.99","11.51","29.58","51.42","424"
"2021-02-09","0.00","0.50","6.20","9.92","26.05","57.33","434"
"2021-02-02","0.00","0.50","6.20","9.92","26.05","57.33","434"
"2021-01-26","0.00","0.15","6.23","7.26","27.20","59.15","439"
"2021-01-19","0.00","0.15","5.29","7.64","21.49","65.43","447"
"2021-01-12","0.00","0.15","5.45","7.48","21.89","65.03","446"
"2021-01-05","0.00","0.15","5.45","7.48","21.89","65.03","446"
"2020-12-29","0.00","0.15","5.45","7.48","21.89","65.03","446"
"2020-12-22","0.00","0.15","5.45","7.48","21.89","65.03","446"
"2020-12-15","0.00","0.15","5.45","7.48","21.89","65.03","446"
"2020-12-08","0.00","0.15","5.54","8.20","19.76","66.35","447"
"2020-12-01","0.00","0.26","6.46","7.17","19.76","66.35","445"
"2020-11-24","0.00","0.51","6.74","7.52","27.98","57.25","435"
"2020-11-17","0.00","0.51","8.09","9.73","44.88","36.80","409"
"2020-11-10","0.00","0.51","7.81","10.89","54.29","26.50","398"
"2020-11-03","0.00","0.51","8.25","11.27","58.79","21.18","392"
"2020-10-27","0.00","0.51","8.25","11.21","59.75","20.28","391"
"2020-10-20","0.00","0.51","8.25","11.21","59.75","20.28","391"
"2020-10-13","0.00","0.51","8.61","14.10","62.07","14.71","382"
"2020-10-06","0.00","0.51","8.61","14.56","61.61","14.71","381"
"2020-09-29","0.00","1.22","10.86","15.34","65.48","7.10","366"
"2020-09-22","0.57","2.22","11.40","20.79","61.15","3.88","351"
"2020-09-15","1.46","2.07","10.65","21.31","62.00","2.50","348"
"2020-09-08","1.46","3.63","10.24","22.43","61.41","0.83","341"
"2020-09-01","2.11","3.24","14.81","37.43","42.42","0.00","315"
"2020-08-25","2.18","3.18","17.56","34.91","42.17","0.00","312"
"2020-08-18","2.30","6.03","21.29","53.61","16.78","0.00","277"
"2020-08-11","5.24","7.11","42.72","31.04","13.89","0.00","241"
"2020-08-04","5.66","9.25","43.11","33.94","8.04","0.00","229"
"2020-07-28","9.57","19.11","34.16","29.96","7.19","0.00","206"
"2020-07-21","9.57","30.51","31.07","23.59","5.26","0.00","184"
"2020-07-14","28.95","25.38","19.54","20.88","5.26","0.00","148"
"2020-07-07","33.37","25.12","15.90","21.49","4.14","0.00","138"
"2020-06-30","39.29","18.94","16.15","21.49","4.13","0.00","132"
"2020-06-23","38.66","19.42","22.22","15.95","3.76","0.00","127"
"2020-06-16","38.01","19.71","22.42","16.11","3.76","0.00","128"
"2020-06-09","37.89","20.53","22.94","16.24","2.40","0.00","125"
"2020-06-02","45.35","13.69","21.37","17.53","2.06","0.00","117"
"2020-05-26","47.89","11.18","26.42","12.44","2.06","0.00","110"
"2020-05-19","47.89","11.18","28.26","10.61","2.06","0.00","108"
"2020-05-12","48.20","18.35","22.29","10.72","0.45","0.00","97"
"2020-05-05","52.71","13.98","22.13","10.73","0.45","0.00","92"
"2020-04-28","56.82","14.08","20.33","8.77","0.00","0.00","81"
"2020-04-21","55.91","14.99","20.33","8.77","0.00","0.00","82"
"2020-04-14","55.91","15.60","21.89","6.60","0.00","0.00","79"
"2020-04-07","54.06","14.82","23.23","7.89","0.00","0.00","85"
"2020-03-31","54.06","15.45","22.60","7.89","0.00","0.00","84"
"2020-03-24","50.74","18.56","22.47","8.24","0.00","0.00","88"
"2020-03-17","50.63","16.22","24.87","8.27","0.00","0.00","91"
"2020-03-10","50.50","13.62","26.60","9.28","0.00","0.00","95"
"2020-03-03","49.88","14.23","26.60","9.28","0.00","0.00","95"
"2020-02-25","52.58","12.86","25.28","9.28","0.00","0.00","91"
"2020-02-18","50.28","14.49","25.56","9.67","0.00","0.00","95"
"2020-02-11","50.40","13.98","25.96","9.67","0.00","0.00","95"
"2020-02-04","46.02","16.44","27.55","9.98","0.00","0.00","101"
"2020-01-28","46.49","15.97","27.55","9.98","0.00","0.00","101"
"2020-01-21","43.93","18.53","21.37","16.16","0.00","0.00","110"
"2020-01-14","43.93","18.53","21.37","16.16","0.00","0.00","110"
"2020-01-07","43.93","18.53","21.37","16.16","0.00","0.00","110"
"2019-12-31","43.63","18.83","13.95","23.59","0.00","0.00","118"
"2019-12-24","35.41","25.19","13.63","25.76","0.00","0.00","130"
"2019-12-17","35.41","25.19","13.63","25.76","0.00","0.00","130"
"2019-12-10","34.46","25.00","12.74","27.80","0.00","0.00","134"
"2019-12-03","20.61","28.36","21.38","29.65","0.00","0.00","160"
"2019-11-26","13.25","21.97","26.06","37.77","0.94","0.00","191"
"2019-11-19","14.14","18.14","26.30","40.48","0.94","0.00","196"
"2019-11-12","14.56","17.98","26.94","40.52","0.00","0.00","193"
"2019-11-05","13.16","20.63","30.28","35.94","0.00","0.00","189"
"2019-10-29","13.16","20.63","30.28","35.94","0.00","0.00","189"
"2019-10-22","12.48","20.74","30.84","35.94","0.00","0.00","190"
"2019-10-15","15.88","26.77","33.55","23.80","0.00","0.00","165"
"2019-10-08","16.30","26.34","37.27","20.08","0.00","0.00","161"
"2019-10-01","19.44","26.61","41.69","12.26","0.00","0.00","147"
"2019-09-24","18.77","32.31","36.60","12.31","0.00","0.00","142"
"2019-09-17","19.12","34.06","34.51","12.31","0.00","0.00","140"
"2019-09-10","12.87","45.16","33.39","8.58","0.00","0.00","138"
"2019-09-03","16.83","63.86","18.16","1.15","0.00","0.00","104"
"2019-08-27","49.52","35.48","13.84","1.15","0.00","0.00","67"
"2019-08-20","62.34","32.26","5.40","0.00","0.00","0.00","43"
"2019-08-13","68.05","28.10","3.85","0.00","0.00","0.00","36"
"2019-08-06","83.86","12.29","3.85","0.00","0.00","0.00","20"
"2019-07-30","83.86","14.11","2.03","0.00","0.00","0.00","18"
"2019-07-23","87.48","10.48","2.03","0.00","0.00","0.00","15"
"2019-07-16","92.24","5.73","2.03","0.00","0.00","0.00","10"
"2019-07-09","92.24","5.73","2.03","0.00","0.00","0.00","10"
"2019-07-02","92.24","5.73","2.03","0.00","0.00","0.00","10"
"2019-06-25","92.24","5.73","2.03","0.00","0.00","0.00","10"
"2019-06-18","92.24","4.83","2.93","0.00","0.00","0.00","11"
"2019-06-11","91.88","5.19","2.93","0.00","0.00","0.00","11"
"2019-06-04","87.61","5.86","6.53","0.00","0.00","0.00","19"
"2019-05-28","87.18","6.29","6.53","0.00","0.00","0.00","19"
"2019-05-21","87.15","6.32","6.53","0.00","0.00","0.00","19"
"2019-05-14","85.75","7.25","6.64","0.36","0.00","0.00","22"
"2019-05-07","85.25","7.42","6.84","0.49","0.00","0.00","23"
"2019-04-30","84.68","8.00","5.25","2.08","0.00","0.00","25"
"2019-04-23","80.57","11.63","5.72","2.08","0.00","0.00","29"
"2019-04-16","75.88","15.59","5.52","3.00","0.00","0.00","36"
"2019-04-09","69.06","21.67","6.26","3.00","0.00","0.00","43"
"2019-04-02","68.42","22.31","6.26","3.01","0.00","0.00","44"
"2019-03-26","68.42","22.31","6.26","3.01","0.00","0.00","44"
"2019-03-19","48.70","39.54","7.02","2.20","2.53","0.00","70"
"2019-03-12","36.10","46.86","9.61","4.54","2.54","0.35","92"
"2019-03-05","27.84","27.92","35.70","5.65","2.54","0.35","128"
"2019-02-26","27.84","26.89","30.02","12.35","2.54","0.35","136"
"2019-02-19","14.35","22.09","39.50","17.20","6.33","0.54","181"
"2019-02-12","7.01","29.13","38.81","14.95","9.56","0.54","193"
"2019-02-05","7.01","27.69","38.98","16.15","8.71","1.46","196"
"2019-01-29","7.01","27.44","39.14","16.25","8.78","1.37","196"
"2019-01-22","7.01","24.61","35.99","22.24","8.78","1.37","205"
"2019-01-15","6.35","13.30","29.41","35.12","7.58","8.24","249"
"2019-01-08","6.74","13.46","28.86","35.12","7.58","8.24","248"
"2019-01-01","3.17","14.37","29.23","36.70","8.05","8.48","258"
"2018-12-25","0.12","16.30","30.03","37.02","8.05","8.48","262"
"2018-12-18","0.12","16.30","30.01","37.04","8.05","8.48","262"
"2018-12-11","0.12","16.30","30.01","37.04","8.05","8.48","262"
"2018-12-04","0.12","14.55","30.94","37.66","8.25","8.49","265"
"2018-11-27","0.12","14.55","30.16","33.69","11.75","9.73","272"
"2018-11-20","0.12","13.67","30.67","33.82","11.98","9.73","273"
"2018-11-13","0.12","11.23","33.12","33.82","11.98","9.73","276"
"2018-11-06","0.12","10.34","34.01","33.82","11.98","9.73","276"
"2018-10-30","0.01","9.36","31.63","33.98","15.28","9.73","284"
"2018-10-23","0.01","7.92","33.06","33.99","15.28","9.73","286"
"2018-10-16","0.01","7.92","32.87","32.79","16.67","9.73","287"
"2018-10-09","0.01","5.72","30.80","32.83","19.93","10.71","299"
"2018-10-02","0.01","4.59","20.09","32.31","29.61","13.38","327"
"2018-09-25","0.01","4.13","17.95","32.01","32.52","13.38","333"
"2018-09-18","0.01","4.13","22.53","31.14","29.73","12.46","324"
"2018-09-11","1.44","3.97","21.25","31.50","30.36","11.47","320"
"2018-09-04","1.44","3.98","19.92","30.70","32.49","11.47","323"
"2018-08-28","1.44","3.98","20.38","30.23","32.90","11.06","322"
"2018-08-21","1.44","3.98","19.11","31.50","32.90","11.06","324"
"2018-08-14","1.47","3.95","19.11","31.50","32.90","11.06","324"
"2018-08-07","2.03","3.78","18.78","31.32","32.31","11.78","323"
"2018-07-31","2.04","3.84","19.91","28.22","34.22","11.78","324"
"2018-07-24","2.01","7.75","17.92","23.63","36.98","11.71","321"
"2018-07-17","2.01","7.77","18.49","20.06","38.33","13.35","325"
"2018-07-10","2.01","7.78","18.47","19.59","38.51","13.63","326"
"2018-07-03","3.46","8.25","19.45","21.97","33.25","13.63","314"
"2018-06-26","3.49","8.58","19.08","21.97","33.25","13.63","314"
"2018-06-19","3.49","8.58","19.43","22.32","33.78","12.39","311"
"2018-06-12","3.49","8.58","19.43","22.32","33.78","12.39","311"
"2018-06-05","4.37","9.10","18.16","22.20","33.77","12.39","309"
"2018-05-29","4.37","9.10","18.16","22.20","33.77","12.39","309"
"2018-05-22","4.37","9.10","18.16","22.94","33.03","12.39","308"
"2018-05-15","4.50","9.57","18.02","26.25","31.28","10.39","301"
"2018-05-08","4.52","9.59","18.62","25.88","32.72","8.68","299"
"2018-05-01","4.67","9.44","17.86","27.76","32.48","7.79","297"
"2018-04-24","4.66","9.44","19.06","31.30","27.75","7.79","291"
"2018-04-17","4.05","9.58","20.22","31.01","30.02","5.12","289"
"2018-04-10","4.05","9.58","20.22","31.01","32.85","2.28","286"
"2018-04-03","3.58","10.96","19.01","33.48","32.96","0.00","281"
"2018-03-27","3.58","11.06","20.81","33.38","31.17","0.00","278"
"2018-03-20","3.58","10.14","23.43","36.74","26.10","0.00","272"
"2018-03-13","3.64","10.16","23.31","42.24","20.65","0.00","266"
"2018-03-06","3.64","10.29","25.75","41.89","18.43","0.00","261"
"2018-02-27","3.64","10.29","30.51","45.39","10.18","0.00","248"
"2018-02-20","3.65","10.28","30.72","47.50","7.86","0.00","246"
"2018-02-13","3.65","10.28","30.32","52.33","3.42","0.00","242"
"2018-02-06","3.64","10.30","33.66","48.98","3.42","0.00","238"
"2018-01-30","3.64","11.29","34.65","47.00","3.42","0.00","235"
"2018-01-23","5.76","14.60","38.54","41.10","0.00","0.00","215"
"2018-01-16","5.76","14.60","50.86","28.78","0.00","0.00","203"
"2018-01-09","9.19","11.88","51.63","27.29","0.00","0.00","197"
"2018-01-02","9.69","17.61","52.32","20.38","0.00","0.00","183"
"2017-12-26","9.69","17.61","66.60","6.10","0.00","0.00","169"
"2017-12-19","9.69","19.48","64.73","6.10","0.00","0.00","167"
"2017-12-12","12.57","21.61","65.05","0.77","0.00","0.00","154"
"2017-12-05","14.19","22.20","62.84","0.77","0.00","0.00","150"
"2017-11-28","14.19","33.74","51.31","0.77","0.00","0.00","139"
"2017-11-21","23.07","50.02","26.14","0.77","0.00","0.00","105"
"2017-11-14","25.03","52.80","21.41","0.77","0.00","0.00","98"
"2017-11-07","28.30","49.53","21.41","0.77","0.00","0.00","95"
"2017-10-31","35.30","44.52","19.42","0.77","0.00","0.00","86"
"2017-10-24","42.19","45.24","12.57","0.00","0.00","0.00","70"
"2017-10-17","48.10","45.42","6.49","0.00","0.00","0.00","58"
"2017-10-10","50.86","42.65","6.49","0.00","0.00","0.00","56"
"2017-10-03","46.31","46.34","7.35","0.00","0.00","0.00","61"
"2017-09-26","48.82","43.58","7.60","0.00","0.00","0.00","59"
"2017-09-19","57.83","34.56","7.60","0.00","0.00","0.00","50"
"2017-09-12","57.70","34.70","7.60","0.00","0.00","0.00","50"
"2017-09-05","57.70","34.70","7.60","0.00","0.00","0.00","50"
"2017-08-29","72.95","21.10","5.95","0.00","0.00","0.00","33"
"2017-08-22","74.88","19.17","5.95","0.00","0.00","0.00","31"
"2017-08-15","72.20","21.96","5.85","0.00","0.00","0.00","34"
"2017-08-08","66.18","27.97","5.69","0.16","0.00","0.00","40"
"2017-08-01","63.74","30.41","5.69","0.16","0.00","0.00","42"
"2017-07-25","40.15","51.61","8.09","0.16","0.00","0.00","68"
"2017-07-18","36.42","49.23","14.19","0.16","0.00","0.00","78"
"2017-07-11","48.33","37.32","14.19","0.16","0.00","0.00","66"
"2017-07-04","54.38","32.71","12.76","0.16","0.00","0.00","59"
"2017-06-27","68.78","19.31","11.76","0.16","0.00","0.00","43"
"2017-06-20","68.78","19.31","11.76","0.16","0.00","0.00","43"
"2017-06-13","71.96","16.13","11.76","0.16","0.00","0.00","40"
"2017-06-06","71.96","16.13","11.76","0.16","0.00","0.00","40"
"2017-05-30","73.73","14.35","11.76","0.16","0.00","0.00","38"
"2017-05-23","73.73","14.35","11.76","0.16","0.00","0.00","38"
"2017-05-16","72.24","15.85","11.76","0.16","0.00","0.00","40"
"2017-05-09","75.62","12.97","11.26","0.16","0.00","0.00","36"
"2017-05-02","78.16","16.62","5.07","0.16","0.00","0.00","27"
"2017-04-25","79.88","14.90","5.07","0.16","0.00","0.00","26"
"2017-04-18","79.88","14.90","5.07","0.16","0.00","0.00","26"
"2017-04-11","89.13","5.65","5.07","0.16","0.00","0.00","16"
"2017-04-04","89.13","5.65","5.07","0.16","0.00","0.00","16"
"2017-03-28","89.13","5.65","5.07","0.16","0.00","0.00","16"
"2017-03-21","89.13","5.65","5.07","0.16","0.00","0.00","16"
"2017-03-14","89.13","5.65","5.07","0.16","0.00","0.00","16"
"2017-03-07","85.47","9.31","5.07","0.16","0.00","0.00","20"
"2017-02-28","75.52","18.75","5.38","0.35","0.00","0.00","31"
"2017-02-21","74.17","19.90","5.58","0.35","0.00","0.00","32"
"2017-02-14","74.04","20.44","5.17","0.35","0.00","0.00","32"
"2017-02-07","74.04","20.43","5.17","0.35","0.00","0.00","32"
"2017-01-31","67.49","26.98","5.17","0.35","0.00","0.00","38"
"2017-01-24","65.17","25.77","7.56","1.50","0.00","0.00","45"
"2017-01-17","60.50","29.23","8.77","1.50","0.00","0.00","51"
"2017-01-10","60.50","29.23","8.77","1.50","0.00","0.00","51"
"2017-01-03","54.20","31.77","12.54","1.50","0.00","0.00","61"
"2016-12-27","46.67","36.03","15.74","1.56","0.00","0.00","72"
"2016-12-20","27.94","49.55","19.88","2.63","0.00","0.00","97"
"2016-12-13","29.14","48.35","19.80","2.71","0.00","0.00","96"
"2016-12-06","29.43","48.06","19.80","2.71","0.00","0.00","96"
"2016-11-29","29.43","48.06","19.80","2.71","0.00","0.00","96"
"2016-11-22","28.84","48.65","19.80","2.71","0.00","0.00","96"
"2016-11-15","28.84","48.65","19.80","2.71","0.00","0.00","96"
"2016-11-08","28.92","48.58","19.79","2.71","0.00","0.00","96"
"2016-11-01","34.93","42.57","19.79","2.71","0.00","0.00","90"
"2016-10-25","43.24","34.35","19.71","2.71","0.00","0.00","82"
"2016-10-18","43.24","34.35","19.71","2.71","0.00","0.00","82"
"2016-10-11","42.91","34.68","19.71","2.71","0.00","0.00","82"
"2016-10-04","39.88","37.70","19.71","2.71","0.00","0.00","85"
"2016-09-27","29.69","47.90","19.71","2.71","0.00","0.00","95"
"2016-09-20","19.34","57.31","20.25","3.10","0.00","0.00","107"
"2016-09-13","19.34","56.39","21.10","3.17","0.00","0.00","108"
"2016-09-06","24.91","38.29","35.24","1.56","0.00","0.00","113"
"2016-08-30","30.87","35.77","32.11","1.25","0.00","0.00","104"
"2016-08-23","26.91","38.98","32.85","1.25","0.00","0.00","108"
"2016-08-16","31.65","34.70","32.40","1.25","0.00","0.00","103"
"2016-08-09","31.65","34.41","32.27","1.67","0.00","0.00","104"
"2016-08-02","31.65","34.41","32.27","1.67","0.00","0.00","104"
"2016-07-26","31.80","34.26","30.50","3.45","0.00","0.00","106"
"2016-07-19","33.80","39.12","23.90","3.17","0.00","0.00","96"
"2016-07-12","36.43","36.50","23.90","3.17","0.00","0.00","94"
"2016-07-05","36.56","36.37","23.90","3.17","0.00","0.00","94"
"2016-06-28","36.56","36.37","23.90","3.17","0.00","0.00","94"
"2016-06-21","37.28","35.65","23.90","3.17","0.00","0.00","93"
"2016-06-14","37.40","35.52","23.90","3.17","0.00","0.00","93"
"2016-06-07","37.40","35.45","23.98","3.17","0.00","0.00","93"
"2016-05-31","37.40","35.45","26.52","0.63","0.00","0.00","90"
"2016-05-24","31.58","35.91","31.88","0.63","0.00","0.00","102"
"2016-05-17","30.22","36.10","33.04","0.63","0.00","0.00","104"
"2016-05-10","29.66","33.17","36.53","0.63","0.00","0.00","108"
"2016-05-03","24.77","37.76","36.38","1.09","0.00","0.00","114"
"2016-04-26","16.52","40.99","37.78","4.71","0.00","0.00","131"
"2016-04-19","24.91","32.60","37.78","4.71","0.00","0.00","122"
"2016-04-12","24.90","32.75","37.64","4.71","0.00","0.00","122"
"2016-04-05","26.17","31.48","37.64","4.71","0.00","0.00","121"
"2016-03-29","22.61","41.81","31.33","4.25","0.00","0.00","117"
"2016-03-22","23.28","41.14","31.33","4.25","0.00","0.00","117"
"2016-03-15","26.55","52.03","17.51","3.91","0.00","0.00","99"
"2016-03-08","26.91","53.73","15.45","3.91","0.00","0.00","96"
"2016-03-01","33.49","50.15","12.73","3.63","0.00","0.00","87"
"2016-02-23","39.54","44.58","12.26","3.62","0.00","0.00","80"
"2016-02-16","44.37","39.81","12.21","3.62","0.00","0.00","75"
"2016-02-09","44.37","39.81","12.21","3.62","0.00","0.00","75"
"2016-02-02","44.37","39.69","12.33","3.62","0.00","0.00","75"
"2016-01-26","44.37","39.81","12.23","3.59","0.00","0.00","75"
"2016-01-19","44.37","39.38","12.66","3.59","0.00","0.00","75"
"2016-01-12","40.19","40.57","13.17","6.07","0.00","0.00","85"
"2016-01-05","28.54","41.52","23.39","6.54","0.00","0.00","108"
"2015-12-29","26.59","42.55","23.91","6.95","0.00","0.00","111"
"2015-12-22","26.33","42.80","23.91","6.95","0.00","0.00","111"
"2015-12-15","26.82","42.27","23.70","7.20","0.00","0.00","111"
"2015-12-08","25.70","43.39","23.70","7.20","0.00","0.00","112"
"2015-12-01","25.70","43.39","23.70","7.20","0.00","0.00","112"
"2015-11-24","24.74","37.81","29.14","8.30","0.00","0.00","121"
"2015-11-17","24.74","37.81","29.14","8.30","0.00","0.00","121"
"2015-11-10","24.71","36.67","30.16","8.47","0.00","0.00","122"
"2015-11-03","22.33","38.66","30.23","8.79","0.00","0.00","125"
"2015-10-27","22.42","35.86","32.93","8.79","0.00","0.00","128"
"2015-10-20","19.07","36.71","35.00","9.21","0.00","0.00","134"
"2015-10-13","23.31","28.83","38.02","9.85","0.00","0.00","134"
"2015-10-06","25.30","26.83","38.02","9.85","0.00","0.00","132"
"2015-09-29","24.00","27.53","38.63","9.85","0.00","0.00","134"
"2015-09-22","21.81","28.31","39.84","10.04","0.00","0.00","138"
"2015-09-15","22.01","24.43","42.86","10.70","0.00","0.00","142"
"2015-09-08","22.01","24.41","42.88","10.70","0.00","0.00","142"
"2015-09-01","22.01","24.41","42.88","10.70","0.00","0.00","142"
"2015-08-25","22.33","24.09","42.88","10.70","0.00","0.00","142"
"2015-08-18","22.33","24.09","42.88","10.70","0.00","0.00","142"
"2015-08-11","22.33","21.72","43.65","12.30","0.00","0.00","146"
"2015-08-04","22.33","21.18","44.16","12.33","0.00","0.00","146"
"2015-07-28","22.33","21.18","44.16","12.33","0.00","0.00","146"
"2015-07-21","22.33","20.95","44.39","12.33","0.00","0.00","147"
"2015-07-14","22.33","19.92","38.33","19.42","0.00","0.00","155"
"2015-07-07","11.64","30.63","38.31","19.42","0.00","0.00","166"
"2015-06-30","11.64","30.63","38.30","19.43","0.00","0.00","166"
"2015-06-23","11.64","30.63","38.30","19.43","0.00","0.00","166"
"2015-06-16","11.64","28.70","39.16","20.49","0.00","0.00","168"
"2015-06-09","5.59","30.79","39.07","24.55","0.00","0.00","183"
"2015-06-02","5.59","20.56","47.29","23.97","2.58","0.00","197"
"2015-05-26","5.59","20.56","47.29","23.97","2.58","0.00","197"
"2015-05-19","3.78","9.55","57.30","26.79","2.58","0.00","215"
"2015-05-12","3.78","9.39","50.61","33.44","2.77","0.00","222"
"2015-05-05","4.19","8.97","48.65","35.43","2.77","0.00","224"
"2015-04-28","4.19","8.97","48.64","35.07","3.13","0.00","224"
"2015-04-21","4.19","8.97","45.29","38.61","2.95","0.00","227"
"2015-04-14","4.19","8.97","45.29","38.61","2.95","0.00","227"
"2015-04-07","4.34","10.99","43.26","38.47","2.95","0.00","225"
"2015-03-31","4.34","10.99","44.02","37.71","2.95","0.00","224"
"2015-03-24","4.34","11.03","55.35","26.34","2.95","0.00","213"
"2015-03-17","6.22","11.31","60.60","20.98","0.88","0.00","199"
"2015-03-10","6.22","11.89","63.29","17.72","0.88","0.00","195"
"2015-03-03","6.22","11.91","63.87","17.12","0.88","0.00","195"
"2015-02-24","6.22","11.35","61.62","16.98","3.83","0.00","201"
"2015-02-17","8.97","11.20","60.67","15.85","3.31","0.00","193"
"2015-02-10","8.97","31.73","40.14","16.66","2.50","0.00","172"
"2015-02-03","11.29","30.52","39.05","16.64","2.50","0.00","169"
"2015-01-27","13.17","25.34","35.34","23.38","2.77","0.00","177"
"2015-01-20","23.88","15.35","34.62","23.38","2.77","0.00","166"
"2015-01-13","23.88","15.37","36.21","21.78","2.77","0.00","164"
"2015-01-06","23.88","15.37","36.21","21.78","2.77","0.00","164"
"2014-12-30","23.89","15.23","36.04","21.68","3.17","0.00","165"
"2014-12-23","23.89","15.23","36.04","21.68","3.17","0.00","165"
"2014-12-16","23.89","15.23","36.04","21.68","3.17","0.00","165"
"2014-12-09","23.89","13.93","37.34","21.68","3.17","0.00","166"
"2014-12-02","23.89","13.93","37.34","21.68","3.17","0.00","166"
"2014-11-25","23.89","13.93","37.34","22.57","2.27","0.00","165"
"2014-11-18","23.91","13.91","37.34","22.57","2.27","0.00","165"
"2014-11-11","23.91","13.91","37.34","22.57","2.27","0.00","165"
"2014-11-04","24.00","13.77","37.38","22.57","2.27","0.00","165"
"2014-10-28","24.01","13.89","36.35","23.48","2.27","0.00","166"
"2014-10-21","23.97","13.93","36.35","23.48","2.27","0.00","166"
"2014-10-14","23.97","13.93","35.73","21.53","4.84","0.00","169"
"2014-10-07","23.56","14.01","36.06","21.53","4.84","0.00","170"
"2014-09-30","23.48","13.92","36.23","21.53","4.84","0.00","170"
"2014-09-23","21.16","13.00","38.73","22.10","5.01","0.00","177"
"2014-09-16","19.25","13.45","34.80","28.17","4.33","0.00","185"
"2014-09-09","18.97","13.24","32.65","30.46","4.68","0.00","189"
"2014-09-02","18.97","12.01","31.02","32.22","5.78","0.00","194"
"2014-08-26","15.75","10.70","33.02","34.75","5.78","0.00","204"
"2014-08-19","15.75","7.84","31.21","38.03","7.16","0.00","213"
"2014-08-12","15.75","7.74","28.94","39.10","8.47","0.00","217"
"2014-08-05","15.66","9.42","27.72","39.50","7.70","0.00","214"
"2014-07-29","15.66","9.63","28.34","34.76","11.62","0.00","217"
"2014-07-22","15.66","10.94","25.49","33.93","13.99","0.00","220"
"2014-07-15","15.66","12.03","25.85","33.57","12.89","0.00","216"
"2014-07-08","15.66","11.92","24.38","34.46","13.58","0.00","218"
"2014-07-01","15.66","11.93","24.37","35.46","12.58","0.00","217"
"2014-06-24","15.66","11.93","24.37","38.38","9.66","0.00","214"
"2014-06-17","15.66","11.93","24.37","38.38","9.66","0.00","214"
"2014-06-10","17.68","9.91","24.33","38.42","9.66","0.00","212"
"2014-06-03","17.68","9.91","24.33","41.85","6.23","0.00","209"
"2014-05-27","15.86","11.73","24.33","41.85","6.23","0.00","211"
"2014-05-20","15.86","11.73","24.33","42.16","5.92","0.00","211"
"2014-05-13","15.86","11.73","24.33","42.93","5.15","0.00","210"
"2014-05-06","12.41","15.53","31.21","35.71","5.15","0.00","206"
"2014-04-29","12.41","15.53","31.21","35.70","5.15","0.00","206"
"2014-04-22","12.41","16.29","31.93","36.57","2.81","0.00","201"
"2014-04-15","12.41","19.96","30.10","35.52","2.01","0.00","195"
"2014-04-08","8.44","24.19","30.51","34.84","2.01","0.00","198"
"2014-04-01","6.47","27.72","29.49","34.31","2.01","0.00","198"
"2014-03-25","6.48","28.07","29.14","34.31","2.01","0.00","197"
"2014-03-18","8.76","27.43","27.77","34.03","2.01","0.00","193"
"2014-03-11","8.17","34.34","24.76","30.72","2.01","0.00","184"
"2014-03-04","6.38","36.13","24.76","30.72","2.01","0.00","186"
"2014-02-25","6.32","36.23","24.58","30.25","2.62","0.00","187"
"2014-02-18","6.32","36.92","23.98","30.16","2.62","0.00","186"
"2014-02-11","7.11","36.34","31.29","25.26","0.00","0.00","175"
"2014-02-04","5.88","39.36","30.18","24.58","0.00","0.00","173"
"2014-01-28","5.88","39.36","30.18","24.58","0.00","0.00","173"
"2014-01-21","9.70","40.71","31.85","17.73","0.00","0.00","158"
"2014-01-14","9.70","40.71","31.85","17.73","0.00","0.00","158"
"2014-01-07","9.60","40.97","31.69","17.73","0.00","0.00","158"
"2013-12-31","11.67","40.34","34.90","13.09","0.00","0.00","149"
"2013-12-24","11.67","40.34","34.90","13.09","0.00","0.00","149"
"2013-12-17","11.67","40.34","32.43","15.56","0.00","0.00","152"
"2013-12-10","11.67","40.34","32.43","15.56","0.00","0.00","152"
"2013-12-03","11.67","38.43","33.72","16.19","0.00","0.00","154"
"2013-11-26","11.67","38.43","33.72","16.19","0.00","0.00","154"
"2013-11-19","5.59","33.80","41.09","19.52","0.00","0.00","175"
"2013-11-12","7.72","34.55","38.21","19.52","0.00","0.00","170"
"2013-11-05","7.72","34.56","38.20","19.52","0.00","0.00","170"
"2013-10-29","7.61","28.93","43.93","19.52","0.00","0.00","175"
"2013-10-22","7.61","28.93","43.93","19.52","0.00","0.00","175"
"2013-10-15","7.65","23.16","49.51","19.68","0.00","0.00","181"
"2013-10-08","7.62","21.46","50.68","20.23","0.00","0.00","184"
"2013-10-01","7.59","21.39","46.77","23.71","0.55","0.00","188"
"2013-09-24","7.59","21.39","44.22","23.72","3.08","0.00","193"
"2013-09-17","6.01","13.71","49.72","26.76","3.81","0.00","209"
"2013-09-10","1.28","11.67","34.25","39.57","12.51","0.72","253"
"2013-09-03","0.00","12.13","34.28","37.91","14.96","0.72","258"
"2013-08-27","0.00","8.26","33.62","40.16","16.82","1.13","269"
"2013-08-20","0.00","8.27","30.78","42.62","17.20","1.13","272"
"2013-08-13","0.00","8.27","33.45","38.15","19.00","1.13","271"
"2013-08-06","0.00","8.27","33.45","38.15","19.00","1.13","271"
"2013-07-30","0.00","7.80","31.65","39.37","20.05","1.13","275"
"2013-07-23","0.00","6.15","31.50","41.63","19.58","1.13","278"
"2013-07-16","0.00","3.92","28.48","45.18","21.29","1.13","287"
"2013-07-09","0.00","3.86","28.55","44.55","21.91","1.13","288"
"2013-07-02","0.00","3.74","28.01","45.01","22.12","1.13","289"
"2013-06-25","0.00","3.73","29.25","45.84","21.19","0.00","285"
"2013-06-18","0.00","3.73","30.65","46.10","19.51","0.00","281"
"2013-06-11","0.00","3.84","31.91","51.07","13.18","0.00","274"
"2013-06-04","0.00","3.89","31.64","51.28","13.18","0.00","274"
"2013-05-28","0.00","6.85","29.52","51.27","12.36","0.00","269"
"2013-05-21","0.00","6.85","29.52","51.27","12.36","0.00","269"
"2013-05-14","0.00","6.85","30.57","50.22","12.36","0.00","268"
"2013-05-07","0.00","7.88","28.34","51.45","12.32","0.00","268"
"2013-04-30","0.00","7.88","29.59","51.20","11.32","0.00","266"
"2013-04-23","0.98","8.88","32.13","46.03","12.00","0.00","259"
"2013-04-16","0.98","9.40","38.29","42.68","8.65","0.00","249"
"2013-04-09","1.14","9.75","39.10","38.64","11.37","0.00","249"
"2013-04-02","1.14","10.20","43.16","36.81","8.69","0.00","242"
"2013-03-26","1.14","10.20","43.16","36.81","8.69","0.00","242"
"2013-03-19","1.14","10.20","43.15","36.82","8.69","0.00","242"
"2013-03-12","1.14","10.20","43.16","36.82","8.69","0.00","242"
"2013-03-05","0.00","10.21","42.78","38.34","8.68","0.00","246"
"2013-02-26","0.00","9.01","42.22","38.92","9.85","0.00","250"
"2013-02-19","0.00","8.99","42.23","38.93","9.84","0.00","250"
"2013-02-12","0.00","7.31","43.92","39.06","9.58","0.13","251"
"2013-02-05","0.00","6.90","36.12","41.22","15.62","0.13","266"
"2013-01-29","0.00","6.90","36.12","38.56","18.28","0.13","269"
"2013-01-22","0.00","3.31","37.93","37.66","20.97","0.13","277"
"2013-01-15","0.00","3.31","37.93","37.66","20.97","0.13","277"
"2013-01-08","0.00","3.31","37.96","39.52","19.07","0.13","275"
"2013-01-01","0.00","3.27","37.21","38.02","21.37","0.13","278"
"2012-12-25","0.00","3.27","36.03","39.36","21.21","0.13","279"
"2012-12-18","0.00","3.27","36.03","39.36","21.21","0.13","279"
"2012-12-11","0.00","2.48","35.44","40.05","22.03","0.00","282"
"2012-12-04","0.00","2.48","36.87","38.63","22.03","0.00","280"
"2012-11-27","0.00","2.47","36.87","38.77","21.88","0.00","280"
"2012-11-20","0.00","2.47","41.40","35.76","20.37","0.00","274"
"2012-11-13","0.00","2.47","41.63","35.53","20.37","0.00","274"
"2012-11-06","0.00","2.47","37.87","37.19","22.47","0.00","280"
"2012-10-30","0.00","2.47","38.78","36.28","22.47","0.00","279"
"2012-10-23","0.00","2.47","40.61","34.19","22.73","0.00","277"
"2012-10-16","0.00","2.47","40.58","37.71","19.24","0.00","274"
"2012-10-09","0.00","0.22","41.54","38.51","19.73","0.00","278"
"2012-10-02","0.00","0.23","41.48","38.56","19.73","0.00","278"
"2012-09-25","0.00","0.23","40.41","39.63","19.73","0.00","279"
"2012-09-18","0.00","0.05","40.59","39.63","19.73","0.00","279"
"2012-09-11","0.00","0.00","38.24","41.56","20.19","0.00","282"
"2012-09-04","0.00","0.00","33.20","45.89","20.92","0.00","288"
"2012-08-28","0.00","0.00","33.40","43.20","23.41","0.00","290"
"2012-08-21","0.00","0.00","20.27","54.00","25.73","0.00","305"
"2012-08-14","0.00","1.18","13.80","54.59","30.43","0.00","314"
"2012-08-07","0.00","1.15","13.83","54.21","30.81","0.00","315"
"2012-07-31","0.00","1.15","13.06","54.33","31.46","0.00","316"
"2012-07-24","0.00","1.15","13.06","51.12","34.67","0.00","319"
"2012-07-17","0.00","1.15","12.76","50.95","35.14","0.00","320"
"2012-07-10","0.00","4.21","9.70","50.95","33.62","1.52","319"
"2012-07-03","0.00","5.05","10.04","54.27","29.12","1.52","312"
"2012-06-26","0.00","5.28","9.84","55.47","29.41","0.00","309"
"2012-06-19","0.88","4.41","17.99","56.32","20.39","0.00","291"
"2012-06-12","0.88","7.92","23.35","55.22","12.63","0.00","271"
"2012-06-05","0.88","7.92","28.70","52.61","9.89","0.00","263"
"2012-05-29","0.88","7.92","28.70","53.04","9.46","0.00","262"
"2012-05-22","0.62","9.84","28.24","52.71","8.59","0.00","259"
"2012-05-15","0.62","14.67","35.67","42.92","6.12","0.00","239"
"2012-05-08","0.62","15.61","37.93","39.72","6.12","0.00","235"
"2012-05-01","4.41","13.19","37.95","38.33","6.12","0.00","229"
"2012-04-24","4.41","19.73","30.95","38.79","6.12","0.00","222"
"2012-04-17","4.28","22.35","34.79","33.88","4.70","0.00","212"
"2012-04-10","4.28","25.53","40.36","25.13","4.70","0.00","200"
"2012-04-03","7.30","22.92","40.21","24.88","4.70","0.00","197"
"2012-03-27","11.20","25.48","37.42","21.21","4.70","0.00","183"
"2012-03-20","12.51","26.97","35.06","22.28","3.18","0.00","177"
"2012-03-13","11.93","27.67","32.78","24.45","3.17","0.00","179"
"2012-03-06","11.93","30.65","37.98","19.44","0.00","0.00","165"
"2012-02-28","12.33","30.39","40.73","16.55","0.00","0.00","162"
"2012-02-21","12.95","32.91","41.50","12.63","0.00","0.00","154"
"2012-02-14","12.94","36.02","38.41","12.63","0.00","0.00","151"
"2012-02-07","12.14","36.26","37.76","12.80","1.04","0.00","154"
"2012-01-31","14.25","37.41","34.50","12.80","1.04","0.00","149"
"2012-01-24","14.48","44.26","27.42","12.80","1.04","0.00","142"
"2012-01-17","25.53","48.26","12.37","12.80","1.04","0.00","116"
"2012-01-10","35.67","38.12","12.37","12.80","1.04","0.00","105"
"2012-01-03","58.29","15.50","12.37","12.80","1.04","0.00","83"
"2011-12-27","60.47","13.32","12.37","12.80","1.04","0.00","81"
"2011-12-20","61.37","12.42","12.37","12.80","1.04","0.00","80"
"2011-12-13","55.06","14.69","9.21","10.06","10.98","0.00","107"
"2011-12-06","55.00","14.75","9.21","7.44","13.28","0.32","110"
"2011-11-29","54.21","14.55","9.84","7.79","13.28","0.32","112"
"2011-11-22","54.21","14.55","9.84","7.79","12.12","1.49","114"
"2011-11-15","54.21","14.55","9.84","7.79","12.12","1.49","114"
"2011-11-08","54.23","14.59","9.95","7.68","12.07","1.49","113"
"2011-11-01","53.79","14.96","10.02","7.70","12.05","1.49","114"
"2011-10-25","53.69","16.38","10.75","11.12","6.57","1.49","105"
"2011-10-18","53.69","16.38","10.75","11.12","6.57","1.49","105"
"2011-10-11","51.40","17.85","11.56","11.14","6.57","1.49","108"
"2011-10-04","49.40","18.26","12.74","11.29","5.72","2.59","113"
"2011-09-27","49.37","18.29","12.74","11.29","5.72","2.59","113"
"2011-09-20","49.37","18.29","12.74","11.29","5.72","2.59","113"
"2011-09-13","46.45","18.67","14.13","11.02","6.95","2.78","122"
"2011-09-06","46.44","19.09","16.17","8.57","6.95","2.78","119"
"2011-08-30","50.41","15.21","16.24","8.96","7.78","1.39","113"
"2011-08-23","50.48","18.41","13.92","9.59","4.91","2.70","108"
"2011-08-16","50.48","18.41","12.73","11.30","4.39","2.70","109"
"2011-08-09","54.08","15.26","11.94","10.70","4.30","3.72","107"
"2011-08-02","54.03","15.31","11.94","10.70","4.30","3.72","107"
"2011-07-26","53.44","15.90","11.94","10.70","4.30","3.72","108"
"2011-07-19","53.44","15.90","11.94","10.61","4.39","3.73","108"
"2011-07-12","54.54","14.80","11.27","11.01","4.67","3.73","108"
"2011-07-05","50.14","18.71","11.06","10.32","5.58","4.18","115"
"2011-06-28","49.98","18.87","11.06","10.32","5.58","4.18","115"
"2011-06-21","62.43","11.05","11.95","4.81","5.58","4.18","93"
"2011-06-14","62.86","10.62","11.95","4.81","5.58","4.18","92"
"2011-06-07","62.86","10.62","11.95","4.78","7.43","2.35","90"
"2011-05-31","62.86","10.62","11.95","6.03","8.53","0.00","87"
"2011-05-24","62.87","10.61","11.96","6.05","8.51","0.00","87"
"2011-05-17","58.70","12.93","12.74","7.11","8.51","0.00","94"
"2011-05-10","58.69","13.53","12.15","7.11","8.51","0.00","93"
"2011-05-03","58.84","13.41","12.12","7.11","8.51","0.00","93"
"2011-04-26","58.09","14.16","15.62","5.13","7.00","0.00","89"
"2011-04-19","62.44","13.85","11.57","5.61","6.52","0.00","80"
"2011-04-12","61.30","14.99","11.57","5.61","6.52","0.00","81"
"2011-04-05","61.40","14.88","11.65","5.50","6.56","0.00","81"
"2011-03-29","63.19","14.80","10.24","6.76","5.01","0.00","76"
"2011-03-22","64.36","16.39","11.49","4.70","3.06","0.00","66"
"2011-03-15","64.88","16.30","12.49","3.27","3.06","0.00","63"
"2011-03-08","65.70","15.50","12.47","4.17","2.15","0.00","62"
"2011-03-01","66.22","14.98","12.47","6.33","0.00","0.00","59"
"2011-02-22","65.57","15.64","12.47","6.33","0.00","0.00","60"
"2011-02-15","65.57","15.64","12.47","6.33","0.00","0.00","60"
"2011-02-08","64.46","16.75","12.47","6.33","0.00","0.00","61"
"2011-02-01","65.31","19.54","8.88","6.27","0.00","0.00","56"
"2011-01-25","68.98","15.87","12.39","2.76","0.00","0.00","49"
"2011-01-18","68.98","15.87","15.15","0.00","0.00","0.00","46"
"2011-01-11","68.93","15.95","15.12","0.00","0.00","0.00","46"
"2011-01-04","65.85","18.86","15.29","0.00","0.00","0.00","49"
"2010-12-28","62.70","20.90","16.40","0.00","0.00","0.00","54"
"2010-12-21","47.15","34.95","17.90","0.00","0.00","0.00","71"
"2010-12-14","45.33","40.48","14.19","0.00","0.00","0.00","69"
"2010-12-07","42.44","51.77","5.79","0.00","0.00","0.00","63"
"2010-11-30","62.75","33.32","3.93","0.00","0.00","0.00","41"
"2010-11-23","62.15","33.92","3.93","0.00","0.00","0.00","42"
"2010-11-16","59.06","37.00","3.95","0.00","0.00","0.00","45"
"2010-11-09","58.42","38.94","2.64","0.00","0.00","0.00","44"
"2010-11-02","58.42","38.94","2.64","0.00","0.00","0.00","44"
"2010-10-26","58.42","38.94","2.64","0.00","0.00","0.00","44"
"2010-10-19","43.37","50.84","4.59","1.20","0.00","0.00","64"
"2010-10-12","43.37","50.84","4.59","1.20","0.00","0.00","64"
"2010-10-05","43.51","47.04","8.25","1.20","0.00","0.00","67"
"2010-09-28","43.51","47.04","8.25","1.20","0.00","0.00","67"
"2010-09-21","49.68","41.74","7.37","1.20","0.00","0.00","60"
"2010-09-14","51.46","39.96","7.37","1.20","0.00","0.00","58"
"2010-09-07","51.83","41.87","5.10","1.20","0.00","0.00","56"
"2010-08-31","52.74","40.95","5.13","1.18","0.00","0.00","55"
"2010-08-24","52.74","40.95","5.13","1.18","0.00","0.00","55"
"2010-08-17","52.74","41.00","5.26","1.00","0.00","0.00","55"
"2010-08-10","51.40","41.96","5.64","1.00","0.00","0.00","56"
"2010-08-03","51.40","38.58","8.69","1.33","0.00","0.00","60"
"2010-07-27","45.76","39.46","12.89","1.88","0.00","0.00","71"
"2010-07-20","46.43","40.75","11.25","1.57","0.00","0.00","68"
"2010-07-13","55.28","35.17","7.99","1.57","0.00","0.00","56"
"2010-07-06","55.28","35.17","7.99","1.57","0.00","0.00","56"
"2010-06-29","54.48","32.35","10.72","2.45","0.00","0.00","61"
"2010-06-22","55.28","31.55","10.72","2.45","0.00","0.00","60"
"2010-06-15","57.66","29.17","10.72","2.45","0.00","0.00","58"
"2010-06-08","58.93","29.26","9.36","2.45","0.00","0.00","55"
"2010-06-01","52.29","36.57","8.99","2.15","0.00","0.00","61"
"2010-05-25","52.29","36.57","8.99","2.15","0.00","0.00","61"
"2010-05-18","52.07","35.04","10.11","2.78","0.00","0.00","64"
"2010-05-11","43.51","43.52","10.20","2.78","0.00","0.00","72"
"2010-05-04","42.97","44.06","10.20","2.78","0.00","0.00","73"
"2010-04-27","42.97","44.06","10.20","2.78","0.00","0.00","73"
"2010-04-20","42.97","44.06","10.20","2.78","0.00","0.00","73"
"2010-04-13","41.45","45.68","10.40","2.46","0.00","0.00","74"
"2010-04-06","36.67","50.05","10.82","2.46","0.00","0.00","79"
"2010-03-30","36.67","50.03","10.84","2.46","0.00","0.00","79"
"2010-03-23","35.74","47.20","13.19","3.86","0.00","0.00","85"
"2010-03-16","28.79","52.57","13.82","4.83","0.00","0.00","95"
"2010-03-09","22.98","55.01","17.36","4.64","0.00","0.00","104"
"2010-03-02","20.44","49.80","24.16","5.60","0.00","0.00","115"
"2010-02-23","17.28","51.10","26.02","5.60","0.00","0.00","120"
"2010-02-16","13.82","56.32","24.26","5.60","0.00","0.00","122"
"2010-02-09","13.75","57.46","23.19","5.60","0.00","0.00","121"
"2010-02-02","10.87","58.55","24.98","5.60","0.00","0.00","125"
"2010-01-26","11.88","51.99","29.94","4.90","1.29","0.00","132"
"2010-01-19","5.96","35.63","19.55","35.28","3.58","0.00","195"
"2010-01-12","5.96","39.43","15.75","35.28","3.58","0.00","191"
"2010-01-05","19.25","28.54","23.95","26.37","1.89","0.00","163"
"2009-12-29","21.84","25.95","23.91","26.41","1.89","0.00","161"
"2009-12-22","23.06","24.73","23.91","26.41","1.89","0.00","159"
"2009-12-15","23.06","24.73","23.91","26.41","1.89","0.00","159"
"2009-12-08","23.67","24.12","21.85","28.23","2.12","0.00","161"
"2009-12-01","23.66","24.13","21.85","28.23","2.12","0.00","161"
"2009-11-24","23.66","24.18","21.77","28.37","2.01","0.00","161"
"2009-11-17","29.90","25.32","19.83","24.94","0.00","0.00","140"
"2009-11-10","31.07","27.19","19.99","21.75","0.00","0.00","132"
"2009-11-03","37.72","21.81","19.37","21.10","0.00","0.00","124"
"2009-10-27","37.72","24.28","16.89","21.10","0.00","0.00","121"
"2009-10-20","37.11","24.89","16.10","21.90","0.00","0.00","123"
"2009-10-13","37.11","24.89","16.10","21.90","0.00","0.00","123"
"2009-10-06","38.23","28.17","29.61","3.99","0.00","0.00","99"
"2009-09-29","39.75","36.73","23.52","0.00","0.00","0.00","84"
"2009-09-22","39.75","38.34","21.91","0.00","0.00","0.00","82"
"2009-09-15","33.62","43.14","23.23","0.00","0.00","0.00","90"
"2009-09-08","29.34","46.20","24.46","0.00","0.00","0.00","95"
"2009-09-01","35.74","46.41","17.85","0.00","0.00","0.00","82"
"2009-08-25","50.88","31.27","17.85","0.00","0.00","0.00","67"
"2009-08-18","58.84","39.45","1.71","0.00","0.00","0.00","43"
"2009-08-11","58.84","41.03","0.13","0.00","0.00","0.00","41"
"2009-08-04","58.99","40.89","0.13","0.00","0.00","0.00","41"
"2009-07-28","74.80","25.08","0.13","0.00","0.00","0.00","25"
"2009-07-21","74.80","25.08","0.13","0.00","0.00","0.00","25"
"2009-07-14","74.80","25.08","0.13","0.00","0.00","0.00","25"
"2009-07-07","74.80","25.08","0.13","0.00","0.00","0.00","25"
"2009-06-30","70.91","27.25","1.83","0.00","0.00","0.00","31"
"2009-06-23","69.37","27.83","2.80","0.00","0.00","0.00","33"
"2009-06-16","64.44","32.36","3.20","0.00","0.00","0.00","39"
"2009-06-09","64.19","31.45","4.36","0.00","0.00","0.00","40"
"2009-06-02","63.26","31.86","4.88","0.00","0.00","0.00","42"
"2009-05-26","62.57","32.56","4.87","0.00","0.00","0.00","42"
"2009-05-19","40.45","42.23","17.32","0.00","0.00","0.00","77"
"2009-05-12","42.03","43.84","14.14","0.00","0.00","0.00","72"
"2009-05-05","37.69","51.58","10.73","0.00","0.00","0.00","73"
"2009-04-28","33.07","57.18","9.76","0.00","0.00","0.00","77"
"2009-04-21","30.41","56.88","12.71","0.00","0.00","0.00","82"
"2009-04-14","39.82","50.52","9.63","0.02","0.00","0.00","70"
"2009-04-07","50.52","39.80","9.65","0.02","0.00","0.00","59"
"2009-03-31","48.49","41.19","10.30","0.02","0.00","0.00","62"
"2009-03-24","48.49","41.19","10.30","0.02","0.00","0.00","62"
"2009-03-17","53.32","36.44","10.21","0.02","0.00","0.00","57"
"2009-03-10","53.32","36.44","10.21","0.02","0.00","0.00","57"
"2009-03-03","56.91","31.24","11.82","0.02","0.00","0.00","55"
"2009-02-24","61.20","28.21","10.57","0.02","0.00","0.00","49"
"2009-02-17","61.20","28.21","9.25","1.34","0.00","0.00","51"
"2009-02-10","52.90","34.78","10.97","1.34","0.00","0.00","61"
"2009-02-03","51.40","32.30","14.96","1.34","0.00","0.00","66"
"2009-01-27","51.46","32.23","14.96","1.34","0.00","0.00","66"
"2009-01-20","51.57","32.12","14.96","1.34","0.00","0.00","66"
"2009-01-13","51.57","32.12","14.96","1.34","0.00","0.00","66"
"2009-01-06","49.64","34.01","15.00","1.34","0.00","0.00","68"
"2008-12-30","47.85","35.80","15.00","1.34","0.00","0.00","70"
"2008-12-23","36.65","46.82","15.19","1.34","0.00","0.00","81"
"2008-12-16","29.44","53.38","15.84","1.34","0.00","0.00","89"
"2008-12-09","29.44","53.38","15.84","1.34","0.00","0.00","89"
"2008-12-02","29.44","53.38","15.84","1.34","0.00","0.00","89"
"2008-11-25","31.98","51.02","15.65","1.34","0.00","0.00","86"
"2008-11-18","31.98","51.02","15.65","1.34","0.00","0.00","86"
"2008-11-11","56.42","26.58","15.65","1.34","0.00","0.00","62"
"2008-11-04","57.14","25.86","15.65","1.34","0.00","0.00","61"
"2008-10-28","57.14","25.86","15.65","1.34","0.00","0.00","61"
"2008-10-21","57.17","25.80","15.66","1.36","0.00","0.00","61"
"2008-10-14","64.77","21.25","13.57","0.41","0.00","0.00","50"
"2008-10-07","64.78","21.20","13.63","0.39","0.00","0.00","50"
"2008-09-30","64.78","19.24","15.59","0.39","0.00","0.00","52"
"2008-09-23","64.78","19.24","15.59","0.39","0.00","0.00","52"
"2008-09-16","64.78","19.80","12.84","2.58","0.00","0.00","53"
"2008-09-09","65.59","18.99","12.84","2.58","0.00","0.00","52"
"2008-09-02","65.59","17.76","14.07","2.58","0.00","0.00","54"
"2008-08-26","67.65","20.02","9.75","2.58","0.00","0.00","47"
"2008-08-19","67.65","20.02","9.75","2.58","0.00","0.00","47"
"2008-08-12","67.25","20.42","9.75","2.58","0.00","0.00","48"
"2008-08-05","67.60","20.08","9.75","2.58","0.00","0.00","47"
"2008-07-29","72.83","15.55","9.04","2.58","0.00","0.00","41"
"2008-07-22","72.41","16.74","8.66","2.19","0.00","0.00","41"
"2008-07-15","59.50","22.62","15.66","2.22","0.00","0.00","61"
"2008-07-08","54.61","23.85","17.62","3.90","0.01","0.00","71"
"2008-07-01","54.61","23.08","18.35","3.95","0.01","0.00","72"
"2008-06-24","54.61","20.36","21.07","3.96","0.00","0.00","74"
"2008-06-17","54.61","20.39","21.04","3.96","0.00","0.00","74"
"2008-06-10","55.13","24.22","18.46","2.19","0.00","0.00","68"
"2008-06-03","55.10","24.25","18.46","2.19","0.00","0.00","68"
"2008-05-27","55.10","24.25","18.46","2.19","0.00","0.00","68"
"2008-05-20","33.00","41.85","22.01","3.14","0.00","0.00","95"
"2008-05-13","33.00","41.85","22.01","3.14","0.00","0.00","95"
"2008-05-06","33.00","41.85","22.01","3.14","0.00","0.00","95"
"2008-04-29","34.72","38.47","23.67","3.14","0.00","0.00","95"
"2008-04-22","56.39","19.43","21.04","3.14","0.00","0.00","71"
"2008-04-15","56.39","19.43","20.12","4.05","0.00","0.00","72"
"2008-04-08","56.70","21.36","17.89","4.05","0.00","0.00","69"
"2008-04-01","52.25","19.36","19.11","9.28","0.00","0.00","85"
"2008-03-25","54.90","18.40","13.64","13.06","0.00","0.00","85"
"2008-03-18","54.90","18.40","12.09","14.61","0.00","0.00","86"
"2008-03-11","54.90","18.40","12.09","14.61","0.00","0.00","86"
"2008-03-04","54.90","18.40","12.09","14.61","0.00","0.00","86"
"2008-02-26","42.10","23.50","17.96","16.43","0.00","0.00","109"
"2008-02-19","42.10","23.50","17.96","16.43","0.00","0.00","109"
"2008-02-12","42.10","23.50","17.96","16.43","0.00","0.00","109"
"2008-02-05","43.85","11.94","25.63","18.58","0.00","0.00","119"
"2008-01-29","40.63","14.07","25.88","19.42","0.00","0.00","124"
"2008-01-22","29.91","15.91","24.11","30.07","0.00","0.00","154"
"2008-01-15","29.91","15.83","24.20","30.07","0.00","0.00","154"
"2008-01-08","29.91","15.83","24.20","30.07","0.00","0.00","154"
"2008-01-01","27.57","14.76","18.62","39.05","0.00","0.00","169"
"2007-12-25","27.57","14.75","18.62","39.05","0.00","0.00","169"
"2007-12-18","27.57","14.75","18.62","39.05","0.00","0.00","169"
"2007-12-11","27.57","14.96","18.41","39.05","0.00","0.00","169"
"2007-12-04","22.92","17.48","20.55","39.05","0.00","0.00","176"
"2007-11-27","17.07","12.22","25.41","33.89","11.41","0.00","210"
"2007-11-20","17.07","19.21","18.43","33.89","11.41","0.00","203"
"2007-11-13","17.07","19.21","18.43","33.89","11.41","0.00","203"
"2007-11-06","20.35","15.92","18.98","33.34","11.41","0.00","200"
"2007-10-30","22.88","13.40","18.98","33.34","11.41","0.00","197"
"2007-10-23","22.88","13.40","18.98","33.34","11.41","0.00","197"
"2007-10-16","22.88","13.40","18.98","33.34","11.41","0.00","197"
"2007-10-09","22.43","13.84","18.98","33.34","11.41","0.00","197"
"2007-10-02","22.43","13.84","18.98","33.11","11.64","0.00","198"
"2007-09-25","16.59","17.22","21.06","33.50","11.64","0.00","206"
"2007-09-18","12.89","16.07","11.18","47.92","11.94","0.00","230"
"2007-09-11","12.89","16.07","11.74","47.55","11.76","0.00","229"
"2007-09-04","12.89","16.07","11.74","47.16","12.14","0.00","230"
"2007-08-28","12.89","16.07","10.83","47.12","13.10","0.00","231"
"2007-08-21","11.87","16.82","11.10","47.12","13.10","0.00","233"
"2007-08-14","5.19","13.08","20.83","47.27","13.63","0.00","251"
"2007-08-07","3.98","13.10","22.43","46.25","14.25","0.00","254"
"2007-07-31","2.57","11.98","10.66","60.54","14.25","0.00","272"
"2007-07-24","2.57","11.98","14.12","57.08","14.25","0.00","268"
"2007-07-17","2.57","11.98","38.64","32.56","14.25","0.00","244"
"2007-07-10","2.57","11.98","38.64","32.60","14.20","0.00","244"
"2007-07-03","3.29","11.27","41.41","30.95","13.09","0.00","239"
"2007-06-26","3.29","11.41","41.27","30.95","13.09","0.00","239"
"2007-06-19","3.29","11.41","41.27","32.65","11.38","0.00","237"
"2007-06-12","3.29","11.41","42.03","30.05","13.23","0.00","239"
"2007-06-05","3.17","11.48","42.05","30.07","13.23","0.00","239"
"2007-05-29","3.17","11.48","42.05","30.07","13.23","0.00","239"
"2007-05-22","3.17","10.99","42.56","30.85","12.43","0.00","238"
"2007-05-15","3.17","10.99","42.56","30.85","12.43","0.00","238"
"2007-05-08","3.17","11.00","43.24","30.95","11.65","0.00","237"
"2007-05-01","3.17","11.00","43.24","30.95","11.65","0.00","237"
"2007-04-24","3.17","11.31","43.33","30.54","11.65","0.00","236"
"2007-04-17","3.17","11.16","43.45","30.58","11.65","0.00","236"
"2007-04-10","2.50","11.90","48.04","27.07","10.49","0.00","231"
"2007-04-03","2.31","12.09","49.11","26.00","10.49","0.00","230"
"2007-03-27","2.08","11.62","49.65","24.47","12.18","0.00","233"
"2007-03-20","2.24","47.22","15.93","22.43","12.18","0.00","195"
"2007-03-13","9.18","41.64","16.15","20.86","12.18","0.00","185"
"2007-03-06","13.98","42.30","17.89","22.86","2.97","0.00","159"
"2007-02-27","13.98","44.51","15.68","22.86","2.97","0.00","156"
"2007-02-20","13.61","43.68","16.91","22.80","3.00","0.00","158"
"2007-02-13","13.61","43.68","16.91","22.80","3.00","0.00","158"
"2007-02-06","25.43","32.19","16.58","22.80","3.00","0.00","146"
"2007-01-30","38.76","18.86","22.68","16.70","3.00","0.00","126"
"2007-01-23","39.89","17.87","22.54","16.70","3.00","0.00","125"
"2007-01-16","40.46","17.30","23.65","14.47","4.12","0.00","124"
"2007-01-09","40.74","17.02","23.65","14.47","4.12","0.00","124"
"2007-01-02","41.01","19.17","27.47","9.21","3.14","0.00","114"
"2006-12-26","40.97","20.00","26.68","9.21","3.14","0.00","114"
"2006-12-19","40.84","20.13","26.68","9.21","3.14","0.00","114"
"2006-12-12","40.87","20.27","25.97","9.36","3.53","0.00","114"
"2006-12-05","44.07","20.35","22.69","9.36","3.53","0.00","108"
"2006-11-28","43.96","21.08","22.58","9.36","3.02","0.00","106"
"2006-11-21","44.97","20.60","22.05","9.36","3.02","0.00","105"
"2006-11-14","45.00","20.57","22.05","9.36","3.02","0.00","105"
"2006-11-07","45.00","20.57","22.05","9.36","3.02","0.00","105"
"2006-10-31","43.78","20.69","23.15","9.36","3.02","0.00","107"
"2006-10-24","42.88","21.59","23.15","9.36","3.02","0.00","108"
"2006-10-17","42.88","21.59","23.15","9.36","3.02","0.00","108"
"2006-10-10","42.88","21.59","23.15","9.37","3.00","0.00","108"
"2006-10-03","30.03","29.24","25.82","10.32","4.59","0.00","130"
"2006-09-26","29.97","29.39","26.58","9.67","4.39","0.00","129"
"2006-09-19","29.99","25.78","30.17","9.67","4.39","0.00","133"
"2006-09-12","27.01","20.82","32.56","13.86","5.75","0.00","151"
"2006-09-05","27.59","20.59","31.74","14.45","5.63","0.00","150"
"2006-08-29","28.42","21.91","30.75","13.70","5.23","0.00","145"
"2006-08-22","27.45","19.55","34.07","13.27","5.66","0.00","150"
"2006-08-15","26.48","18.83","29.17","18.57","6.96","0.00","161"
"2006-08-08","26.50","17.85","28.46","19.00","8.18","0.00","164"
"2006-08-01","27.45","13.87","27.08","22.17","8.88","0.55","173"
"2006-07-25","26.63","12.62","21.78","19.97","16.57","2.44","195"
"2006-07-18","27.70","12.01","21.32","19.98","16.56","2.44","193"
"2006-07-11","27.19","13.55","21.03","20.39","15.40","2.44","191"
"2006-07-04","28.73","12.01","19.59","17.82","15.77","6.08","198"
"2006-06-27","27.87","11.79","19.85","16.61","16.86","7.03","204"
"2006-06-20","28.91","17.68","12.92","16.61","17.72","6.17","195"
"2006-06-13","28.91","17.68","12.92","16.61","17.72","6.17","195"
"2006-06-06","28.52","18.66","11.27","17.68","17.61","6.27","196"
"2006-05-30","28.52","20.80","14.01","12.79","17.61","6.27","189"
"2006-05-23","33.92","16.04","13.37","12.79","17.61","6.27","183"
"2006-05-16","33.95","17.40","13.07","12.39","16.91","6.27","180"
"2006-05-09","33.95","18.53","13.01","12.01","16.99","5.50","176"
"2006-05-02","34.23","17.93","13.46","18.38","10.50","5.50","169"
"2006-04-25","35.57","15.71","14.34","20.24","14.14","0.00","162"
"2006-04-18","35.57","16.85","13.20","20.24","14.14","0.00","161"
"2006-04-11","35.57","16.85","13.20","20.93","13.45","0.00","160"
"2006-04-04","35.66","16.21","13.74","20.63","13.75","0.00","161"
"2006-03-28","34.02","18.50","13.10","20.63","13.75","0.00","162"
"2006-03-21","35.39","18.40","11.83","20.63","13.75","0.00","159"
"2006-03-14","35.39","18.50","11.73","20.63","13.75","0.00","159"
"2006-03-07","31.31","21.63","12.15","14.64","20.28","0.00","171"
"2006-02-28","31.03","21.80","13.96","19.13","14.08","0.00","163"
"2006-02-21","33.40","21.67","12.11","18.75","14.08","0.00","158"
"2006-02-14","34.53","21.81","15.40","14.18","14.08","0.00","151"
"2006-02-07","35.49","20.86","15.40","14.18","14.08","0.00","151"
"2006-01-31","37.03","20.61","20.54","18.90","2.92","0.00","130"
"2006-01-24","38.31","27.56","16.67","17.46","0.00","0.00","113"
"2006-01-17","39.65","26.22","26.52","7.61","0.00","0.00","102"
"2006-01-10","39.51","31.85","25.01","3.62","0.00","0.00","93"
"2006-01-03","39.03","36.79","24.18","0.00","0.00","0.00","85"
"2005-12-27","48.72","33.79","17.49","0.00","0.00","0.00","69"
"2005-12-20","48.72","33.79","17.49","0.00","0.00","0.00","69"
"2005-12-13","48.72","33.79","17.49","0.00","0.00","0.00","69"
"2005-12-06","59.34","26.59","14.07","0.00","0.00","0.00","55"
"2005-11-29","59.34","26.59","14.07","0.00","0.00","0.00","55"
"2005-11-22","59.34","26.57","14.09","0.00","0.00","0.00","55"
"2005-11-15","59.34","26.57","14.09","0.00","0.00","0.00","55"
"2005-11-08","59.34","26.57","14.09","0.00","0.00","0.00","55"
"2005-11-01","59.34","26.43","14.23","0.00","0.00","0.00","55"
"2005-10-25","59.34","26.43","14.23","0.00","0.00","0.00","55"
"2005-10-18","59.34","26.43","14.23","0.00","0.00","0.00","55"
"2005-10-11","59.34","26.44","14.21","0.00","0.00","0.00","55"
"2005-10-04","64.28","20.04","12.83","2.85","0.00","0.00","54"
"2005-09-27","63.22","20.71","13.22","2.85","0.00","0.00","56"
"2005-09-20","63.08","20.66","13.41","2.85","0.00","0.00","56"
"2005-09-13","62.28","21.40","13.48","2.85","0.00","0.00","57"
"2005-09-06","62.28","21.40","13.48","2.85","0.00","0.00","57"
"2005-08-30","62.05","21.62","13.48","2.85","0.00","0.00","57"
"2005-08-23","62.15","21.53","13.48","2.85","0.00","0.00","57"
"2005-08-16","59.47","20.67","17.01","2.85","0.00","0.00","63"
"2005-08-09","49.61","28.24","19.29","2.86","0.00","0.00","75"
"2005-08-02","42.80","32.66","21.67","2.87","0.00","0.00","85"
"2005-07-26","42.15","34.60","20.38","2.87","0.00","0.00","84"
"2005-07-19","54.85","25.58","16.70","2.87","0.00","0.00","68"
"2005-07-12","54.85","25.58","17.43","2.14","0.00","0.00","67"
"2005-07-05","54.86","25.57","17.43","2.14","0.00","0.00","67"
"2005-06-28","57.97","22.46","17.43","2.14","0.00","0.00","64"
"2005-06-21","57.61","22.82","17.43","2.14","0.00","0.00","64"
"2005-06-14","57.37","23.06","17.43","2.14","0.00","0.00","64"
"2005-06-07","57.37","22.98","17.51","2.14","0.00","0.00","64"
"2005-05-31","57.90","26.14","11.99","3.96","0.00","0.00","62"
"2005-05-24","57.90","26.14","11.99","3.96","0.00","0.00","62"
"2005-05-17","57.54","26.47","12.03","3.96","0.00","0.00","62"
"2005-05-10","55.09","28.06","11.41","5.39","0.05","0.00","67"
"2005-05-03","51.54","29.70","12.91","5.73","0.12","0.00","73"
"2005-04-26","48.69","29.91","14.64","6.30","0.47","0.00","80"
"2005-04-19","44.06","30.55","18.18","6.34","0.47","0.40","90"
"2005-04-12","41.00","31.29","20.51","6.34","0.47","0.40","95"
"2005-04-05","27.76","34.54","27.32","10.00","0.37","0.01","121"
"2005-03-29","25.28","34.11","28.50","11.16","0.76","0.19","129"
"2005-03-22","19.56","33.41","30.49","14.24","1.59","0.71","147"
"2005-03-15","18.23","34.74","30.49","14.24","1.59","0.71","148"
"2005-03-08","18.23","34.74","30.49","14.41","1.88","0.25","148"
"2005-03-01","18.07","34.90","30.49","14.41","1.88","0.25","148"
"2005-02-22","12.03","36.46","33.11","13.61","4.55","0.25","163"
"2005-02-15","10.40","36.02","32.81","15.97","4.55","0.25","169"
"2005-02-08","7.36","24.41","36.82","24.14","7.02","0.25","200"
"2005-02-01","3.71","22.21","36.62","29.83","7.39","0.24","216"
"2005-01-25","2.89","21.54","38.11","29.83","7.39","0.24","218"
"2005-01-18","2.88","21.55","38.11","29.83","7.39","0.24","218"
"2005-01-11","0.27","22.24","39.17","28.85","8.84","0.62","226"
"2005-01-04","0.27","15.04","38.07","32.70","13.19","0.74","246"
"2004-12-28","0.27","12.06","34.83","36.08","16.02","0.74","258"
"2004-12-21","0.27","12.06","32.75","38.17","16.02","0.74","260"
"2004-12-14","0.27","11.97","32.58","38.38","16.06","0.74","260"
"2004-12-07","0.27","11.52","32.75","38.67","16.06","0.74","261"
"2004-11-30","0.27","11.54","31.81","39.58","16.06","0.74","262"
"2004-11-23","0.10","4.90","32.21","37.82","24.23","0.74","283"
"2004-11-16","0.10","3.48","33.01","37.32","25.35","0.74","287"
"2004-11-09","0.10","4.63","30.90","38.16","25.48","0.74","287"
"2004-11-02","0.10","4.31","21.85","44.74","28.27","0.74","299"
"2004-10-26","0.10","4.31","21.41","45.23","28.21","0.74","299"
"2004-10-19","0.10","4.31","12.73","43.08","38.72","1.05","319"
"2004-10-12","0.10","4.31","12.73","43.08","38.72","1.05","319"
"2004-10-05","0.10","4.31","12.80","43.58","38.16","1.05","319"
"2004-09-28","0.08","4.32","12.56","43.38","38.60","1.05","319"
"2004-09-21","0.00","4.35","12.62","43.38","38.60","1.05","319"
"2004-09-14","0.00","4.06","12.91","37.93","44.05","1.05","325"
"2004-09-07","0.00","4.34","12.73","37.83","44.04","1.06","325"
"2004-08-31","0.01","4.33","12.13","36.52","45.94","1.06","327"
"2004-08-24","0.00","4.29","12.00","36.71","45.94","1.06","327"
"2004-08-17","0.00","4.16","11.44","36.38","46.77","1.26","330"
"2004-08-10","0.00","4.16","13.38","38.10","43.11","1.26","324"
"2004-08-03","0.00","4.15","13.51","39.88","41.20","1.26","322"
"2004-07-27","0.00","5.95","12.98","38.61","41.20","1.26","319"
"2004-07-20","0.00","5.83","14.03","39.02","39.86","1.26","317"
"2004-07-13","0.00","5.95","13.44","39.48","39.86","1.26","317"
"2004-07-06","0.00","7.86","13.18","38.72","38.99","1.26","313"
"2004-06-29","0.00","7.88","13.02","38.77","39.07","1.26","313"
"2004-06-22","0.00","7.54","12.43","39.70","39.07","1.26","314"
"2004-06-15","0.00","7.53","12.61","39.46","39.14","1.26","314"
"2004-06-08","0.00","7.56","12.58","39.43","39.17","1.26","314"
"2004-06-01","0.00","7.43","14.36","38.56","38.39","1.26","312"
"2004-05-25","0.00","7.82","13.65","38.84","38.43","1.26","312"
"2004-05-18","0.00","7.82","16.35","37.31","37.16","1.37","308"
"2004-05-11","0.00","7.82","16.35","37.31","37.27","1.26","308"
"2004-05-04","0.00","7.82","16.35","37.71","37.00","1.12","307"
"2004-04-27","0.00","7.82","17.26","36.40","37.40","1.12","307"
"2004-04-20","0.00","7.95","17.13","36.40","37.40","1.12","307"
"2004-04-13","0.00","7.95","17.13","36.40","37.40","1.12","307"
"2004-04-06","0.00","8.81","18.38","37.24","34.43","1.14","301"
"2004-03-30","0.00","5.28","17.41","34.01","40.51","2.79","318"
"2004-03-23","0.00","5.28","18.63","35.53","37.77","2.79","314"
"2004-03-16","0.00","7.72","16.33","36.66","36.48","2.79","310"
"2004-03-09","0.00","7.72","16.33","36.66","36.48","2.79","310"
"2004-03-02","0.00","9.73","16.21","37.50","33.06","3.50","304"
"2004-02-24","0.00","8.16","11.84","36.57","36.38","7.05","322"
"2004-02-17","0.00","8.16","11.84","36.57","36.38","7.05","322"
"2004-02-10","0.00","8.11","11.89","35.99","36.96","7.05","323"
"2004-02-03","0.00","8.11","11.89","35.84","37.11","7.05","323"
"2004-01-27","0.00","9.11","13.96","32.69","37.20","7.04","319"
"2004-01-20","0.00","4.39","16.85","34.08","37.78","6.90","326"
"2004-01-13","0.00","8.44","13.33","33.50","37.88","6.85","321"
"2004-01-06","0.00","8.68","14.53","32.46","37.43","6.90","319"
"2003-12-30","0.00","7.86","11.36","34.15","38.23","8.40","328"
"2003-12-23","0.00","6.48","12.84","26.35","45.08","9.26","338"
"2003-12-16","0.00","7.34","14.94","25.36","43.82","8.54","331"
"2003-12-09","0.00","7.38","15.53","25.69","43.16","8.24","329"
"2003-12-02","0.00","7.44","15.48","25.76","42.76","8.55","329"
"2003-11-25","0.00","7.39","15.83","24.75","43.90","8.13","330"
"2003-11-18","0.00","7.37","16.03","25.64","43.22","7.74","328"
"2003-11-11","0.00","3.96","15.07","28.38","44.69","7.90","338"
"2003-11-04","0.00","3.77","13.91","29.54","46.70","6.07","337"
"2003-10-28","0.00","3.56","12.53","30.63","47.45","5.84","340"
"2003-10-21","0.00","3.23","12.66","34.79","44.14","5.19","335"
"2003-10-14","0.00","3.97","12.67","33.31","44.70","5.34","335"
"2003-10-07","0.00","3.78","11.51","36.29","42.81","5.61","335"
"2003-09-30","0.00","3.93","12.00","32.62","45.45","6.00","338"
"2003-09-23","0.00","0.79","12.68","34.78","45.88","5.86","343"
"2003-09-16","0.00","0.83","12.89","34.60","45.97","5.72","343"
"2003-09-09","0.00","1.08","12.80","24.28","54.82","7.01","354"
"2003-09-02","0.00","0.00","10.80","26.73","54.66","7.81","359"
"2003-08-26","0.00","0.00","10.78","20.79","57.96","10.46","368"
"2003-08-19","0.00","0.00","11.22","20.83","57.85","10.10","367"
"2003-08-12","0.00","0.00","10.36","18.67","60.19","10.78","371"
"2003-08-05","0.00","0.00","9.95","19.17","59.74","11.13","372"
"2003-07-29","0.00","0.00","4.88","23.23","59.23","12.66","380"
"2003-07-22","0.00","0.00","3.45","23.07","63.91","9.57","380"
"2003-07-15","0.00","0.00","4.85","23.34","64.00","7.81","375"
"2003-07-08","0.00","1.51","5.61","28.92","56.24","7.72","363"
"2003-07-01","0.08","1.39","5.84","31.27","54.09","7.33","360"
"2003-06-24","0.07","0.86","9.57","27.34","53.70","8.45","359"
"2003-06-17","0.00","0.94","9.92","26.57","52.92","9.65","360"
"2003-06-10","0.00","0.87","9.39","27.79","52.11","9.85","361"
"2003-06-03","0.00","0.88","9.28","28.37","55.53","5.93","356"
"2003-05-27","0.00","0.79","9.18","28.78","55.37","5.88","356"
"2003-05-20","0.00","0.94","9.12","28.91","55.15","5.88","356"
"2003-05-13","0.00","0.48","15.84","20.39","57.28","6.01","353"
"2003-05-06","0.00","0.80","14.29","24.01","58.33","2.58","348"
"2003-04-29","0.00","0.00","15.26","24.05","58.11","2.58","348"
"2003-04-22","0.00","0.00","15.08","24.51","57.85","2.56","348"
"2003-04-15","0.00","0.00","15.87","25.40","56.48","2.25","345"
"2003-04-08","0.00","0.00","15.93","24.47","57.02","2.57","346"
"2003-04-01","0.00","0.00","15.73","24.30","57.41","2.56","347"
"2003-03-25","0.00","0.00","15.56","23.78","55.97","4.69","350"
"2003-03-18","0.00","0.00","15.66","23.12","56.73","4.49","350"
"2003-03-11","0.00","0.00","15.68","22.61","57.14","4.57","351"
"2003-03-04","0.00","0.00","15.55","17.53","62.29","4.64","356"
"2003-02-25","0.00","0.00","6.84","15.07","70.65","7.44","379"
"2003-02-18","0.00","0.00","6.59","15.04","70.91","7.47","379"
"2003-02-11","0.00","0.00","5.17","15.47","69.91","9.46","384"
"2003-02-04","0.00","0.00","6.52","16.44","67.67","9.37","380"
"2003-01-28","0.00","0.00","6.32","16.29","67.95","9.43","380"
"2003-01-21","0.00","0.00","6.52","16.65","68.20","8.62","379"
"2003-01-14","0.00","0.00","6.38","25.13","59.10","9.39","372"
"2003-01-07","0.00","0.00","8.57","30.77","51.59","9.07","361"
"2002-12-31","0.00","0.00","8.45","40.46","42.51","8.58","351"
"2002-12-24","0.00","0.00","6.92","41.81","42.72","8.55","353"
"2002-12-17","0.00","0.00","6.76","41.91","42.64","8.69","353"
"2002-12-10","0.00","0.00","6.95","42.40","42.13","8.52","352"
"2002-12-03","0.00","0.00","16.63","32.93","43.42","7.02","341"
"2002-11-26","0.00","0.00","16.81","32.06","43.87","7.26","342"
"2002-11-19","0.00","0.00","16.81","32.19","43.54","7.46","342"
"2002-11-12","0.00","0.00","16.57","32.61","43.51","7.31","342"
"2002-11-05","0.00","0.00","14.16","28.26","48.47","9.11","353"
"2002-10-29","0.00","0.00","15.36","26.62","48.65","9.36","352"
"2002-10-22","0.00","0.00","14.93","27.91","48.11","9.05","351"
"2002-10-15","0.00","0.00","14.73","28.25","48.07","8.95","351"
"2002-10-08","0.00","0.00","14.73","28.25","48.04","8.97","351"
"2002-10-01","0.00","0.00","4.30","28.52","49.91","17.26","380"
"2002-09-24","0.00","0.00","4.33","27.01","49.33","19.33","384"
"2002-09-17","0.00","0.00","3.52","27.17","48.41","20.89","387"
"2002-09-10","0.00","0.00","1.85","28.99","47.38","21.78","389"
"2002-09-03","0.00","0.00","2.02","24.93","47.90","25.15","396"
"2002-08-27","0.00","0.00","2.12","25.09","47.38","25.40","396"
"2002-08-20","0.00","0.00","6.63","24.17","43.83","25.37","388"
"2002-08-13","0.00","0.00","6.41","24.47","43.95","25.16","388"
"2002-08-06","0.00","0.00","6.70","24.68","43.47","25.16","387"
"2002-07-30","0.00","0.00","5.97","23.26","41.76","29.01","394"
"2002-07-23","0.00","0.00","4.31","8.99","46.43","40.26","423"
"2002-07-16","0.00","0.00","5.29","9.31","45.95","39.45","420"
"2002-07-09","0.00","0.00","6.40","11.88","42.18","39.53","415"
"2002-07-02","0.00","0.01","6.54","13.19","41.16","39.11","413"
"2002-06-25","0.00","0.10","7.30","15.41","52.88","24.30","394"
"2002-06-18","0.00","0.18","9.74","21.24","51.39","17.46","376"
"2002-06-11","0.00","2.05","8.04","23.28","51.44","15.19","370"
"2002-06-04","0.00","2.10","8.38","25.76","48.81","14.95","366"
"2002-05-28","0.00","4.42","5.77","25.73","48.96","15.12","365"
"2002-05-21","0.00","4.65","5.77","29.54","60.04","0.00","345"
"2002-05-14","0.00","4.52","5.83","29.73","59.92","0.00","345"
"2002-05-07","0.00","4.55","5.56","59.63","30.26","0.00","316"
"2002-04-30","0.00","4.55","5.56","60.11","29.77","0.00","315"
"2002-04-23","0.00","4.90","13.29","67.93","13.88","0.00","291"
"2002-04-16","0.00","9.44","23.91","63.83","2.82","0.00","260"
"2002-04-09","0.00","14.34","28.94","56.63","0.09","0.00","242"
"2002-04-02","0.00","14.59","32.16","53.22","0.03","0.00","239"
"2002-03-26","0.00","16.79","44.06","39.13","0.02","0.00","222"
"2002-03-19","0.00","17.93","61.48","19.61","0.98","0.00","204"
"2002-03-12","0.00","15.36","65.31","18.13","1.20","0.00","205"
"2002-03-05","0.00","52.47","42.60","3.77","1.15","0.00","154"
"2002-02-26","0.00","52.28","42.49","4.07","1.17","0.00","154"
"2002-02-19","5.23","47.29","43.18","3.10","1.21","0.00","148"
"2002-02-12","4.89","60.12","30.54","3.19","1.25","0.00","136"
"2002-02-05","20.01","58.14","17.50","3.19","1.16","0.00","107"
"2002-01-29","24.15","64.09","7.74","2.86","1.16","0.00","93"
"2002-01-22","24.13","63.94","7.66","2.29","2.00","0.00","94"
"2002-01-15","27.86","60.22","7.67","2.19","2.06","0.00","90"
"2002-01-08","47.71","37.97","9.84","2.38","2.10","0.00","73"
"2002-01-01","51.18","34.46","9.63","2.52","2.21","0.00","70"
"2001-12-25","52.65","32.67","9.70","2.82","2.16","0.00","69"
"2001-12-18","52.66","32.67","9.70","2.52","2.45","0.00","69"
"2001-12-11","52.66","32.67","9.70","2.51","2.46","0.00","69"
"2001-12-04","52.66","32.67","8.06","3.55","3.07","0.00","72"
"2001-11-27","52.10","33.22","6.58","3.06","5.03","0.00","76"
"2001-11-20","50.85","29.69","11.36","3.06","5.03","0.00","82"
"2001-11-13","49.92","30.63","11.50","2.92","5.03","0.00","83"
"2001-11-06","49.92","30.63","11.50","2.92","5.03","0.00","83"
"2001-10-30","56.84","23.71","11.50","2.92","5.03","0.00","76"
"2001-10-23","63.17","17.37","11.28","3.14","5.03","0.00","69"
"2001-10-16","63.07","17.47","11.28","3.14","5.03","0.00","70"
"2001-10-09","62.72","17.83","11.28","3.14","5.03","0.00","70"
"2001-10-02","62.72","17.83","11.28","3.14","5.03","0.00","70"
"2001-09-25","62.72","17.83","11.28","2.91","5.26","0.00","70"
"2001-09-18","62.72","17.83","11.28","2.91","5.26","0.00","70"
"2001-09-11","62.77","17.78","11.28","2.91","5.26","0.00","70"
"2001-09-04","71.91","11.71","8.21","3.24","4.94","0.00","58"
"2001-08-28","71.91","11.71","8.21","3.24","4.94","0.00","58"
"2001-08-21","72.04","11.41","9.04","3.14","4.36","0.00","56"
"2001-08-14","71.46","12.14","6.26","6.35","3.79","0.00","59"
"2001-08-07","73.34","10.27","6.26","6.02","4.12","0.00","57"
"2001-07-31","73.34","10.27","6.26","5.95","4.19","0.00","57"
"2001-07-24","73.34","10.28","6.28","8.75","1.35","0.00","54"
"2001-07-17","73.17","10.45","6.28","8.75","1.35","0.00","55"
"2001-07-10","73.19","10.74","6.52","9.54","0.00","0.00","52"
"2001-07-03","35.11","48.83","4.58","11.43","0.06","0.00","93"
"2001-06-26","38.79","45.41","8.55","7.25","0.00","0.00","84"
"2001-06-19","40.45","52.03","6.52","1.00","0.00","0.00","68"
"2001-06-12","69.38","18.94","10.63","1.04","0.00","0.00","43"
"2001-06-05","84.04","9.44","5.48","1.04","0.00","0.00","24"
"2001-05-29","86.66","9.31","2.99","1.04","0.00","0.00","18"
"2001-05-22","86.66","9.31","2.99","1.04","0.00","0.00","18"
"2001-05-15","86.66","9.31","2.99","1.04","0.00","0.00","18"
"2001-05-08","86.66","9.47","3.86","0.00","0.00","0.00","17"
"2001-05-01","86.66","9.47","3.86","0.00","0.00","0.00","17"
"2001-04-24","85.42","10.71","3.86","0.00","0.00","0.00","18"
"2001-04-17","85.44","10.70","3.86","0.00","0.00","0.00","18"
"2001-04-10","85.48","10.66","3.86","0.00","0.00","0.00","18"
"2001-04-03","83.42","12.93","3.65","0.00","0.00","0.00","20"
"2001-03-27","86.29","11.96","1.74","0.00","0.00","0.00","15"
"2001-03-20","86.29","11.96","1.74","0.00","0.00","0.00","15"
"2001-03-13","90.85","8.09","1.06","0.00","0.00","0.00","10"
"2001-03-06","93.09","5.85","1.06","0.00","0.00","0.00","8"
"2001-02-27","93.09","5.84","1.06","0.00","0.00","0.00","8"
"2001-02-20","94.61","4.46","0.93","0.00","0.00","0.00","6"
"2001-02-13","94.49","4.59","0.92","0.00","0.00","0.00","6"
"2001-02-06","94.94","5.06","0.00","0.00","0.00","0.00","5"
"2001-01-30","94.96","5.04","0.00","0.00","0.00","0.00","5"
"2001-01-23","94.78","5.22","0.00","0.00","0.00","0.00","5"
"2001-01-16","100.00","0.00","0.00","0.00","0.00","0.00","0"
"2001-01-09","96.13","3.87","0.00","0.00","0.00","0.00","4"
"2001-01-02","95.57","4.43","0.00","0.00","0.00","0.00","4"
"2000-12-26","95.57","4.43","0.00","0.00","0.00","0.00","4"
"2000-12-19","94.62","5.38","0.00","0.00","0.00","0.00","5"
"2000-12-12","89.80","10.20","0.00","0.00","0.00","0.00","10"
"2000-12-05","88.07","11.93","0.00","0.00","0.00","0.00","12"
"2000-11-28","83.27","16.73","0.00","0.00","0.00","0.00","17"
"2000-11-21","83.27","16.73","0.00","0.00","0.00","0.00","17"
"2000-11-14","82.42","17.58","0.00","0.00","0.00","0.00","18"
"2000-11-07","74.62","25.38","0.00","0.00","0.00","0.00","25"
"2000-10-31","57.89","36.52","5.59","0.00","0.00","0.00","48"
"2000-10-24","25.35","48.37","26.29","0.00","0.00","0.00","101"
"2000-10-17","18.11","59.85","20.70","1.35","0.00","0.00","105"
"2000-10-10","4.28","46.28","46.02","3.42","0.00","0.00","149"
"2000-10-03","4.33","46.21","47.60","1.86","0.00","0.00","147"
"2000-09-26","11.98","49.14","37.02","1.86","0.00","0.00","129"
"2000-09-19","16.85","47.10","32.46","3.58","0.00","0.00","123"
"2000-09-12","16.85","47.10","32.46","3.58","0.00","0.00","123"
"2000-09-05","16.85","47.09","32.47","3.58","0.00","0.00","123"
"2000-08-29","13.49","32.79","46.97","6.75","0.00","0.00","147"
"2000-08-22","13.16","30.91","49.66","6.27","0.00","0.00","149"
"2000-08-15","9.82","35.99","47.76","6.43","0.00","0.00","151"
"2000-08-08","0.15","66.25","33.60","0.00","0.00","0.00","133"
"2000-08-01","3.48","71.38","25.14","0.00","0.00","0.00","122"
"2000-07-25","3.48","75.98","20.54","0.00","0.00","0.00","117"
"2000-07-18","8.40","74.21","17.39","0.00","0.00","0.00","109"
"2000-07-11","25.08","55.82","19.09","0.00","0.00","0.00","94"
"2000-07-04","25.12","65.16","9.72","0.00","0.00","0.00","85"
"2000-06-27","12.00","62.94","18.81","6.25","0.00","0.00","119"
"2000-06-20","15.93","59.84","18.54","5.69","0.00","0.00","114"
"2000-06-13","29.59","46.18","18.50","5.72","0.00","0.00","100"
"2000-06-06","47.04","29.63","17.61","5.72","0.00","0.00","82"
"2000-05-30","63.46","16.47","14.35","5.72","0.00","0.00","62"
"2000-05-23","63.24","19.36","11.63","5.76","0.00","0.00","60"
"2000-05-16","62.92","19.69","11.63","5.76","0.00","0.00","60"
"2000-05-09","75.80","12.37","11.83","0.00","0.00","0.00","36"
"2000-05-02","76.52","12.85","10.63","0.00","0.00","0.00","34"
"2000-04-25","80.73","12.96","6.31","0.00","0.00","0.00","26"
"2000-04-18","79.29","14.40","6.31","0.00","0.00","0.00","27"
"2000-04-11","81.28","11.23","7.49","0.00","0.00","0.00","26"
"2000-04-04","81.40","11.36","7.24","0.00","0.00","0.00","26"
"2000-03-28","80.41","15.36","4.22","0.00","0.00","0.00","24"
"2000-03-21","77.84","17.03","5.13","0.00","0.00","0.00","27"
"2000-03-14","77.73","17.29","4.99","0.00","0.00","0.00","27"
"2000-03-07","60.80","24.95","14.26","0.00","0.00","0.00","53"
"2000-02-29","55.80","28.88","15.33","0.00","0.00","0.00","60"
"2000-02-22","49.48","35.63","14.89","0.00","0.00","0.00","65"
"2000-02-15","38.17","46.95","14.89","0.00","0.00","0.00","77"
"2000-02-08","32.55","67.45","0.00","0.00","0.00","0.00","67"
"2000-02-01","26.87","73.13","0.00","0.00","0.00","0.00","73"
"2000-01-25","25.57","74.43","0.00","0.00","0.00","0.00","74"
"2000-01-18","24.98","75.02","0.00","0.00","0.00","0.00","75"
"2000-01-11","34.23","65.77","0.00","0.00","0.00","0.00","66"
"2000-01-04","73.20","26.80","0.00","0.00","0.00","0.00","27"